Villa SAND - Facilities,,FILE COMPLETED,YES/NO,,,,,,,,,,,,,,,,,,,,,,
,,,,,,,,,,,,,,,,,,,,,,,,,
Villa Name: (the villa name to be listed as),Villa Sand,,,,,,,,,,,,,,,,,,,,,,,,
Internal name if any,,,,,,,,,,,,,,,,,,,,,,,,,
Full address,"23/6 Moo5, Soi Andaman 2,Khok Kloi, Takua Thung, Phang Nga, 82140",,Do we know the total land size in sqm?,,,,,,,,,,,,,,,,,,,,,,
,,,Do we know the total living space (all built up areas incl. living/bedrooms/gym/games room/decking etc.) of the villa?,,,,,,,,,,,,,,,,,,,,,,
Google coordinates,98.27926233,,Do we know the approx. sqm of each living space?,,,,,,,,,,,,,,,,,,,,,,
Link to images:,Photos,,Living room:,,,,,,,,,,,,,,,,,,,,,,
Link to rates card:,,,Games room:,,,,,,,,,,,,,,,,,,,,,,
Calendar: iCal calendar link,,,Gym:,,,,,,,,,,,,,,,,,,,,,,
,,,Movie room:,,,,,,,,,,,,,,,,,,,,,,
Occupancy (indicate with adults and children),,,Outside deck:,,,,,,,,,,,,,,,,,,,,,,
Standard occupancy (to correspond to rate card):,,,Do we know the sqm for each bedroom?,,,,,,,,,,,,,,,,,,,,,,
Maximum occupancy with use of any extra beds:,,,,,,,,,,,,,,,,,,,,,,,,,
,,,,,,,,,,,,,,,,,,,,,,,,,
Owner details,,,,,,,,,,,,,,,,,,,,,,,,,
Owner's full name,,,,,,,,,,,,,,,,,,,,,,,,,
Owner's email address,,,,,,,,,,,,,,,,,,,,,,,,,
Owner's contact number,,,,,,,,,,,,,,,,,,,,,,,,,
,,,,,,,,,,,,,,,,,,,,,,,,,
OTA access details (include the phone number used to receive security codes):,,,List the agent names where we know the villa is listed,,,,,,,,,,,,,,,,,,,,,,
Booking.com,,,,,,,,,,,,,,,,,,,,,,,,,
Airbnb,,,,,,,,,,,,,,,,,,,,,,,,,
Agoda,,,,,,,,,,,,,,,,,,,,,,,,,
VRBO,,,,,,,,,,,,,,,,,,,,,,,,,
Tripadvisor,,,,,,,,,,,,,,,,,,,,,,,,,
Property website,,,,,,,,,,,,,,,,,,,,,,,,,
iCal calendar link,,,,,,,,,,,,,,,,,,,,,,,,,
,,,,,,,,,,,,,,,,,,,,,,,,,
,,,,,,,,,,,,,,,,,,,,,,,,,
General information,,,,,,,,,,,,,,,,,,,,,,,,,
Bedrooms,5,,,"SLEEPING ARRANGEMENTS (bed type, facilities and bathroom amenity)",,,,,,,,,,,,,,,,,,,,,
Bathrooms,6,,,"Specify if each bedroom has Built-in wardrobe, air conditioning, ceiling fan, safety deposit box, coffee table, Mini-Bar, balcony and terrace or anything else",,,,,,,,,,,,,,,,,,,,,
Extra beds,no extra bed available yet,,,Bedroom 1,"Master 1, pool & seaview, 1 of king sized bed, airconditioner, walk-in closet, ceiling fan, safety box, ensuite bathroom,  No TV",,,,,,,,,,,,,,,,,,,,
Sleeps (max),10 of adults or 8 of adults and 4 childerns,,,Bedroom 2,"Master 2, seaview, 1 king sized-bed, airconditioner, safety box, ensuite bathroom, No TV",,,,,,,,,,,,,,,,,,,,
Dining table sitting max,indoor 8 outdoor 10 max,,,Bedroom 3,"small garden view, queen-sized bed, airconditioner, sofa bench, ensuite bathroom, No TV",,,,,,,,,,,,,,,,,,,,
Location type,beachfront,,,Bedroom 4,"small garden view, twin bed, airconditioner, TV",,,,,,,,,,,,,,,,,,,,
Design type,modern,,,Bedroom 5,"small garden view, queen-sized bed, airconditioner, sofa bench, No TV",,,,,,,,,,,,,,,,,,,,
,,,,,,,,,,,,,,,,,,,,,,,,,
Items,,Please add Comments,,,,,,,,,,,,,,,,,,,,,,,
"Sleeping: Everything related to indoor sleeping arrangements, bedroom facilities",,,,Terms & condiitions,,,,,,,,,,,,,,,,,,,,,
Baby cot,TRUE,How many?,,Wedding and Event T&C's including Event fee and Security deposit?,,,,,,,,,,,,,,,,,,,,,
Bed Linen,TRUE,,,,,,,,,,,,,,,,,,,,,,,,
Bunk Bed,FALSE,,,The villa never held any events yet,,,,,,,,,,,,,,,,,,,,,
Ceiling fans,FALSE,,,,,,,,,,,,,,,,,,,,,,,,
Day bed,FALSE,,,,,,,,,,,,,,,,,,,,,,,,
Sofa,FALSE,,,,,,,,,,,,,,,,,,,,,,,,
Sofa-bed,FALSE,,,,,,,,,,,,,,,,,,,,,,,,
King Size bed,TRUE,,,,,,,,,,,,,,,,,,,,,,,,
Queen Size bed,TRUE,,,,,,,,,,,,,,,,,,,,,,,,
Double bed,FALSE,,,,,,,,,,,,,,,,,,,,,,,,
Twin bed,TRUE,,,Please confirm all the inclusions in rates:,,,,,,,,,,,,,,,,,,,,,
Single bed,FALSE,,,,,,,,,,,,,,,,,,,,,,,,
Extra bed,FALSE,there is no extra bed available,,Utilities both water and electricity,,,,,,,,,,,,,,,,,,,,,
Fireplace,FALSE,,,,,,,,,,,,,,,,,,,,,,,,
Hangers,FALSE,,,,,,,,,,,,,,,,,,,,,,,,
iPod dock,FALSE,,,,,,,,,,,,,,,,,,,,,,,,
Mini Bar,FALSE,,,,,,,,,,,,,,,,,,,,,,,,
Non-smoking Rooms,TRUE,,,,,,,,,,,,,,,,,,,,,,,,
Personal safe,TRUE,,,,,,,,,,,,,,,,,,,,,,,,
Roll/Pull away bed,FALSE,,,Please advise here the chef details. Cost of in-villa shopping and pre-stocking,,,,,,,,,,,,,,,,,,,,,
Sound system,FALSE,,,Guests pay the ingredient bill as actual bill,,,,,,,,,,,,,,,,,,,,,
TV,TRUE,living room,,How does it work with wine selections from the wine cellar?,,,,,,,,,,,,,,,,,,,,,
Walk-in wardrobe,FALSE,,,Wine cellar is unavailable,,,,,,,,,,,,,,,,,,,,,
OTHER,,,,What is the cost of additional baby cots?,,,,,,,,,,,,,,,,,,,,,
,,,,No extra cost,,,,,,,,,,,,,,,,,,,,,
Bathrooms: Everything related to internal bathroom facilities,,,,What is the cost of babysitting services?,,,,,,,,,,,,,,,,,,,,,
Bath tub,FALSE,,,"can find for guests on request, the price is TBA",,,,,,,,,,,,,,,,,,,,,
Bathrobe,FALSE,,,Is laundry service available in-villa or out-sourced?,,,,,,,,,,,,,,,,,,,,,
Double sink,TRUE,Master bedroom1,,"The villa team can find the shop and send cloths to laundry shop for guest, guest will pay as actual price",,,,,,,,,,,,,,,,,,,,,
En-suite bathroom,TRUE,every bedrooms,,What are the standard check-in and check-out times?,,,,,,,,,,,,,,,,,,,,,
Hairdryer,TRUE,every bedroom,,Check- in 3pm and Check-Out at 12pm,,,,,,,,,,,,,,,,,,,,,
His and her shower,FALSE,,,,,,,,,,,,,,,,,,,,,,,,
Jacuzzi / Jet tub,FALSE,,,,,,,,,,,,,,,,,,,,,,,,
Massaging Bath Tub,FALSE,,,,,,,,,,,,,,,,,,,,,,,,
Rain shower,FALSE,,,,,,,,,,,,,,,,,,,,,,,,
Separate toilet,FALSE,,,,,,,,,,,,,,,,,,,,,,,,
Slippers,FALSE,,,,,,,,,,,,,,,,,,,,,,,,
Steam shower,FALSE,,,,,,,,,,,,,,,,,,,,,,,,
Toiletries,TRUE,,,,,,,,,,,,,,,,,,,,,,,,
Towels,TRUE,,,,,,,,,,,,,,,,,,,,,,,,
Universal shaver plug,FALSE,,,,,,,,,,,,,,,,,,,,,,,,
OTHER,,,,,,,,,,,,,,,,,,,,,,,,,
,,,,,,,,,,,,,,,,,,,,,,,,,
Dining: Everything related to kitchen and cooking facilities,,,,Service,,,,,,,,,,,,,,,,,,,,,
Blender,TRUE,,,What service is provided and included in the rates,,,,,,,,,,,,,,,,,,,,,
Breakfast bar,FALSE,,,,,,,,,,,,,,,,,,,,,,,,
Coffee machine,TRUE,,,,,,,,,,,,,,,,,,,,,,,,
Dish washer,FALSE,,,,,,,,,,,,,,,,,,,,,,,,
Electric kettle,TRUE,,,What service can be provided extra charge,,,,,,,,,,,,,,,,,,,,,
Electric stove,TRUE,,,,,,,,,,,,,,,,,,,,,,,,
Gas stove,FALSE,,,,,,,,,,,,,,,,,,,,,,,,
Induction stove,FALSE,,,,,,,,,,,,,,,,,,,,,,,,
Food processor,FALSE,,,Can you add here each member of the villa team and their working hours?,,,,,,,,,,,,,,,,,,,,,
Freezer (standalone),FALSE,,,- villa manager,,,,,,,,,,,,,,,,,,,,,
Fridge (standalone),TRUE,,,- housekeeping,,,,,,,,,,,,,,,,,,,,,
Fridge freezer,FALSE,,,- gardener,,,,,,,,,,,,,,,,,,,,,
Full crockery set,FALSE,,,- pool,,,,,,,,,,,,,,,,,,,,,
Full cutlery utensil kit,FALSE,,,- driver,,,,,,,,,,,,,,,,,,,,,
Grill BBQ,FALSE,,,- others,,,,,,,,,,,,,,,,,,,,,
Ice Maker,FALSE,,,- chef,,,,,,,,,,,,,,,,,,,,,
Juicer,FALSE,,,,,,,,,,,,,,,,,,,,,,,,
Kitchen,TRUE,,,,,,,,,,,,,,,,,,,,,,,,
Kitchenette,FALSE,,,Other Note:,,,,,,,,,,,,,,,,,,,,,
Microwave,TRUE,,,,,,,,,,,,,,,,,,,,,,,,
Oven,TRUE,,,"The villa team is require 1,000 USD Security Deposit and 10K THB for Petty Cash (in case the guest would like to have any other additional services)",,,,,,,,,,,,,,,,,,,,,
Oven grill,FALSE,,,,,,,,,,,,,,,,,,,,,,,,
Pizza oven,FALSE,,,,,,,,,,,,,,,,,,,,,,,,
Pots and Pans,FALSE,,,,,,,,,,,,,,,,,,,,,,,,
Rice cooker,TRUE,,,,,,,,,,,,,,,,,,,,,,,,
Slow cooker,FALSE,,,,,,,,,,,,,,,,,,,,,,,,
Toaster,TRUE,,,,,,Air conditioning,,,,,,,,,,,,,,,,,,
Waste disposal,FALSE,,,,,,Ceiling fans,,,,,,,,,,,,,,,,,,
Water cooler,FALSE,,,,,,Indoor dining,,,,,,,,,,,,,,,,,,
Wine cooler,FALSE,,,,,,Music System,,,,,,,,,,,,,,,,,,
Wine glasses,FALSE,,,,,,TV,,,,,,,,,,,,,,,,,,
OTHER,,,,,,,Washing machine,,,,,,,,,,,,,,,,,,
,,,,,,,Blender,,,,,,,,,,,,,,,,,,
Living space: Facilities related to the interior living spaces; general for all rooms,,,,,,,Coffee machine,,,,,,,,,,,,,,,,,,
Air conditioning,TRUE,,,,,,Electric kettle,,,,,,,,,,,,,,,,,,
Bar Area,FALSE,,,,,,Electric stove,,,,,,,,,,,,,,,,,,
Ceiling fans,TRUE,,,,,,Fridge (standalone),,,,,,,,,,,,,,,,,,
Central heating,FALSE,,,,,,Kitchen,,,,,,,,,,,,,,,,,,
Dedicated room for kids,FALSE,,,,,,Microwave,,,,,,,,,,,,,,,,,,
Elevator,FALSE,,,,,,Oven,,,,,,,,,,,,,,,,,,
Fitness room/Gym,FALSE,,,,,,Rice cooker,,,,,,,,,,,,,,,,,,
Laundry facilities,FALSE,,,,,,Freezer (standalone),,,,,,,,,,,,,,,,,,
Lounge seating,FALSE,,,,,,Toaster,,,,,,,,,,,,,,,,,,
Indoor dining,TRUE,,,,,,,,,,,,,,,,,,,,,,,,
Music System,TRUE,speaker available in the living room,,,,,,,,,,,,,,,,,,,,,,,
Pool table,FALSE,,,,,,,,,,,,,,,,,,,,,,,,
Sofabed,FALSE,,,,,,,,,,,,,,,,,,,,,,,,
TV,TRUE,living room,,,,,,,,,,,,,,,,,,,,,,,
Washer / dryer,FALSE,,,,,,,,,,,,,,,,,,,,,,,,
Washing machine,TRUE,,,,,,,,,,,,,,,,,,,,,,,,
OTHER,,,,,,,,,,,,,,,,,,,,,,,,,
,,,,,,,,,,,,,,,,,,,,,,,,,
Outdoor; Facilities available for outdoor spaces,,,,,,,,,,,,,,,,,,,,,,,,,
Balcony,FALSE,,,,,,,,,,,,,,,,,,,,,,,,
BBQ / Bar area,TRUE,,,,,,,,,,,,,,,,,,,,,,,,
Bicycles,FALSE,,,,,,,,,,,,,,,,,,,,,,,,
Garage,TRUE,,,,,,,,,,,,,,,,,,,,,,,,
Garden,TRUE,,,,,,,,,,,,,,,,,,,,,,,,
Garden furniture,FALSE,,,,,,,,,,,,,,,,,,,,,,,,
Gazebo or pergola,FALSE,,,,,,,,,,,,,,,,,,,,,,,,
Hammock,FALSE,,,,,,,,,,,,,,,,,,,,,,,,
Hot tub,FALSE,,,,,,,,,,,,,,,,,,,,,,,,
Outdoor dining,TRUE,10 max at the terrace next to the pool,,,,,,,,,,,,,,,,,,,,,,,
Outdoor shower,TRUE,,,,,,,,,,,,,,,,,,,,,,,,
Parking available,TRUE,,,,,,,,,,,,,,,,,,,,,,,,
Solarium/Roof terrace,FALSE,,,,,,,,,,,,,,,,,,,,,,,,
Speakers system,FALSE,,,,,,,,,,,,,,,,,,,,,,,,
Sun beds / chairs,TRUE,,,,,,,,,,,,,,,,,,,,,,,,
Surveillance monitoring,FALSE,,,,,,,,,,,,,,,,,,,,,,,,
Swing set,FALSE,,,,,,,,,,,,,,,,,,,,,,,,
Terrace,FALSE,,,,,,,,,,,,,,,,,,,,,,,,
Trampoline,TRUE,"set up on request, 14foot trampoline",,,,,,,,,,,,,,,,,,,,,,,
OTHER,,,,,,,,,,,,,,,,,,,,,,,,,
,,,,,,,,,,,,,,,,,,,,,,,,,
0,,,,,,,,,,,,,,,,,,,,,,,,,
Computer available,FALSE,,,,,,,,,,,,,,,,,,,,,,,,
Copier/scanner/printer,FALSE,,,,,,,,,,,,,,,,,,,,,,,,
Dedicated office,FALSE,,,,,,,,,,,,,,,,,,,,,,,,
Fax,FALSE,,,,,,,,,,,,,,,,,,,,,,,,
Intercom between rooms,FALSE,,,,,,,,,,,,,,,,,,,,,,,,
Laptop friendly,FALSE,,,,,,,,,,,,,,,,,,,,,,,,
Local mobile phone or card available,FALSE,,,,,,,,,,,,,,,,,,,,,,,,
Telephone,FALSE,,,,,,,,,,,,,,,,,,,,,,,,
Work desk,FALSE,,,,,,,,,,,,,,,,,,,,,,,,
OTHER,,,,,,,,,,,,,,,,,,,,,,,,,
,,,,,,,,,,,,,,,,,,,,,,,,,
"Entertainment: Games, sports and other entertainment on the property",,,,,,,,,,,,,,,,,,,,,,,,,
Board games,TRUE,"Scrabble, Codenames,",,,,,,,,,,,,,,,,,,,,,,,
Books,FALSE,,,,,,,,,,,,,,,,,,,,,,,,
Cable TV,FALSE,,,,,,,,,,,,,,,,,,,,,,,,
Satelite TV,FALSE,,,,,,,,,,,,,,,,,,,,,,,,
DVD player,FALSE,,,,,,,,,,,,,,,,,,,,,,,,
Foosball,FALSE,,,,,,,,,,,,,,,,,,,,,,,,
Games console,FALSE,,,,,,,,,,,,,,,,,,,,,,,,
Games room,FALSE,,,,,,,,,,,,,,,,,,,,,,,,
High definition TV,FALSE,,,,,,,,,,,,,,,,,,,,,,,,
Home cinema,FALSE,,,,,,,,,,,,,,,,,,,,,,,,
Movies,TRUE,,,,,,,,,,,,,,,,,,,,,,,,
Netflix,TRUE,,,,,,,,,,,,,,,,,,,,,,,,
Music,FALSE,,,,,,,,,,,,,,,,,,,,,,,,
Piano,FALSE,,,,,,,,,,,,,,,,,,,,,,,,
Pool table,FALSE,,,,,,,,,,,,,,,,,,,,,,,,
Radio,FALSE,,,,,,,,,,,,,,,,,,,,,,,,
Snooker table,FALSE,,,,,,,,,,,,,,,,,,,,,,,,
Stereo system,FALSE,,,,,,,,,,,,,,,,,,,,,,,,
Table tennis,FALSE,,,,,,,,,,,,,,,,,,,,,,,,
Darts / Dart board,FALSE,,,,,,,,,,,,,,,,,,,,,,,,
Video games,FALSE,,,,,,,,,,,,,,,,,,,,,,,,
OTHER,,,,,,,,,,,,,,,,,,,,,,,,,
,,,,,,,,,,,,,,,,,,,,,,,,,
Accessibility: Facilities designed for ease of access for everybody,,,,,,,,,,,,,,,,,,,,,,,,,
Bathroom on groundfloor,FALSE,,,,,,,,,,,,,,,,,,,,,,,,
Bedroom on groundfloor,FALSE,,,,,,,,,,,,,,,,,,,,,,,,
Common space step free access,FALSE,,,,,,,,,,,,,,,,,,,,,,,,
Common space wide doorway clearance,FALSE,,,,,,,,,,,,,,,,,,,,,,,,
Disabled parking spot,FALSE,,,,,,,,,,,,,,,,,,,,,,,,
Disabled toilet,FALSE,,,,,,,,,,,,,,,,,,,,,,,,
Easy access to frontdoor,FALSE,,,,,,,,,,,,,,,,,,,,,,,,
Entrance has stairs,FALSE,,,,,,,,,,,,,,,,,,,,,,,,
Grap rails in shower and toilet,FALSE,,,,,,,,,,,,,,,,,,,,,,,,
Home step free access,FALSE,,,,,,,,,,,,,,,,,,,,,,,,
Roll-in shower with bench,FALSE,,,,,,,,,,,,,,,,,,,,,,,,
Single-level home,FALSE,,,,,,,,,,,,,,,,,,,,,,,,
Stairs inside,FALSE,,,,,,,,,,,,,,,,,,,,,,,,
Toilet on groundfloor,FALSE,,,,,,,,,,,,,,,,,,,,,,,,
Walkin shower,FALSE,,,,,,,,,,,,,,,,,,,,,,,,
Wheelchair access,FALSE,,,,,,,,,,,,,,,,,,,,,,,,
Wheelchair lift,FALSE,,,,,,,,,,,,,,,,,,,,,,,,
Wide doorway clearance,FALSE,,,,,,,,,,,,,,,,,,,,,,,,
Wide hallway clearance,FALSE,,,,,,,,,,,,,,,,,,,,,,,,
OTHER,,,,,,,,,,,,,,,,,,,,,,,,,
,,,,,,,,,,,,,,,,,,,,,,,,,
Safety: General safety and security facilities,,,,,,,,,,,,,,,,,,,,,,,,,
Back-up Generator,FALSE,,,,,,,,,,,,,,,,,,,,,,,,
Carbon monoxide detector,FALSE,,,,,,,,,,,,,,,,,,,,,,,,
Fenced perimeter,FALSE,,,,,,,,,,,,,,,,,,,,,,,,
Fire extinguisher,FALSE,,,,,,,,,,,,,,,,,,,,,,,,
First aid kit,FALSE,,,,,,,,,,,,,,,,,,,,,,,,
Garden enclosed,FALSE,,,,,,,,,,,,,,,,,,,,,,,,
Garden not secured,FALSE,,,,,,,,,,,,,,,,,,,,,,,,
Safety guard,FALSE,,,,,,,,,,,,,,,,,,,,,,,,
Security / Alarm system,FALSE,,,,,,,,,,,,,,,,,,,,,,,,
Smoke detector,FALSE,,,,,,,,,,,,,,,,,,,,,,,,
Stair gates,FALSE,,,,,,,,,,,,,,,,,,,,,,,,
Water sprinkler system,FALSE,,,,,,,,,,,,,,,,,,,,,,,,
OTHER,,,,,,,,,,,,,,,,,,,,,,,,,
,,,,,,,,,,,,,,,,,,,,,,,,,
Child friendly: Services and facilities when travelling with children,,,,,,,,,,,,,,,,,,,,,,,,,
Anti slip bath math,FALSE,,,,,,,,,,,,,,,,,,,,,,,,
Baby bath,FALSE,,,,,,,,,,,,,,,,,,,,,,,,
Baby bath toys,FALSE,,,,,,,,,,,,,,,,,,,,,,,,
Baby creche,FALSE,,,,,,,,,,,,,,,,,,,,,,,,
Baby den,FALSE,,,,,,,,,,,,,,,,,,,,,,,,
Baby dvds,FALSE,,,,,,,,,,,,,,,,,,,,,,,,
Baby loo seat,FALSE,,,,,,,,,,,,,,,,,,,,,,,,
Baby monitor,FALSE,,,,,,,,,,,,,,,,,,,,,,,,
Baby nightlight,FALSE,,,,,,,,,,,,,,,,,,,,,,,,
Baby pack’n’play travel crib,FALSE,,,,,,,,,,,,,,,,,,,,,,,,
Baby stairgate,FALSE,,,,,,,,,,,,,,,,,,,,,,,,
Babysitting,FALSE,,,,,,,,,,,,,,,,,,,,,,,,
Bed guards,FALSE,,,,,,,,,,,,,,,,,,,,,,,,
Booster seat,FALSE,,,,,,,,,,,,,,,,,,,,,,,,
Changing mat,FALSE,,,,,,,,,,,,,,,,,,,,,,,,
Changing table,FALSE,,,,,,,,,,,,,,,,,,,,,,,,
Children toys,TRUE,,,,,,,,,,,,,,,,,,,,,,,,
Electric socket guards,FALSE,,,,,,,,,,,,,,,,,,,,,,,,
Fireplace guards,FALSE,,,,,,,,,,,,,,,,,,,,,,,,
Highchair,TRUE,2,,,,,,,,,,,,,,,,,,,,,,,
Indoor baby toys,FALSE,,,,,,,,,,,,,,,,,,,,,,,,
Kids club,FALSE,,,,,,,,,,,,,,,,,,,,,,,,
Kids pool,TRUE,3 items for floating pool,,,,,,,,,,,,,,,,,,,,,,,
Plastic crockery,FALSE,,,,,,,,,,,,,,,,,,,,,,,,
Pool fence,FALSE,,,,,,,,,,,,,,,,,,,,,,,,
Pool slide,FALSE,,,,,,,,,,,,,,,,,,,,,,,,
Room darkening shades,FALSE,,,,,,,,,,,,,,,,,,,,,,,,
Steriliser,FALSE,,,,,,,,,,,,,,,,,,,,,,,,
Table corners guards,FALSE,,,,,,,,,,,,,,,,,,,,,,,,
Window guards,FALSE,,,,,,,,,,,,,,,,,,,,,,,,
OTHER,,,,,,,,,,,,,,,,,,,,,,,,,
,,,,,,,,,,,,,,,,,,,,,,,,,
,,,,,,,,,,,,,,,,,,,,,,,,,
,,,,,,,,,,,,,,,,,,,,,,,,,
,,,,,,,,,,,,,,,,,,,,,,,,,
,,,,,,,,,,,,,,,,,,,,,,,,,
,,,,,,,,,,,,,,,,,,,,,,,,,
,,,,,,,,,,,,,,,,,,,,,,,,,
,,,,,,,,,,,,,,,,,,,,,,,,,
,,,,,,,,,,,,,,,,,,,,,,,,,
,,,,,,,,,,,,,,,,,,,,,,,,,
,,,,,,,,,,,,,,,,,,,,,,,,,
,,,,,,,,,,,,,,,,,,,,,,,,,
,,,,,,,,,,,,,,,,,,,,,,,,,
,,,,,,,,,,,,,,,,,,,,,,,,,
,,,,,,,,,,,,,,,,,,,,,,,,,
,,,,,,,,,,,,,,,,,,,,,,,,,
,,,,,,,,,,,,,,,,,,,,,,,,,
,,,,,,,,,,,,,,,,,,,,,,,,,
,,,,,,,,,,,,,,,,,,,,,,,,,
,,,,,,,,,,,,,,,,,,,,,,,,,
,,,,,,,,,,,,,,,,,,,,,,,,,
,,,,,,,,,,,,,,,,,,,,,,,,,
,,,,,,,,,,,,,,,,,,,,,,,,,
,,,,,,,,,,,,,,,,,,,,,,,,,
,,,,,,,,,,,,,,,,,,,,,,,,,
,,,,,,,,,,,,,,,,,,,,,,,,,
,,,,,,,,,,,,,,,,,,,,,,,,,
,,,,,,,,,,,,,,,,,,,,,,,,,
,,,,,,,,,,,,,,,,,,,,,,,,,
,,,,,,,,,,,,,,,,,,,,,,,,,
,,,,,,,,,,,,,,,,,,,,,,,,,
,,,,,,,,,,,,,,,,,,,,,,,,,
,,,,,,,,,,,,,,,,,,,,,,,,,
,,,,,,,,,,,,,,,,,,,,,,,,,
,,,,,,,,,,,,,,,,,,,,,,,,,
,,,,,,,,,,,,,,,,,,,,,,,,,
,,,,,,,,,,,,,,,,,,,,,,,,,
,,,,,,,,,,,,,,,,,,,,,,,,,
,,,,,,,,,,,,,,,,,,,,,,,,,
,,,,,,,,,,,,,,,,,,,,,,,,,
,,,,,,,,,,,,,,,,,,,,,,,,,
,,,,,,,,,,,,,,,,,,,,,,,,,
,,,,,,,,,,,,,,,,,,,,,,,,,
,,,,,,,,,,,,,,,,,,,,,,,,,
,,,,,,,,,,,,,,,,,,,,,,,,,
,,,,,,,,,,,,,,,,,,,,,,,,,
,,,,,,,,,,,,,,,,,,,,,,,,,
,,,,,,,,,,,,,,,,,,,,,,,,,
,,,,,,,,,,,,,,,,,,,,,,,,,
,,,,,,,,,,,,,,,,,,,,,,,,,
,,,,,,,,,,,,,,,,,,,,,,,,,
,,,,,,,,,,,,,,,,,,,,,,,,,
,,,,,,,,,,,,,,,,,,,,,,,,,
,,,,,,,,,,,,,,,,,,,,,,,,,
,,,,,,,,,,,,,,,,,,,,,,,,,
,,,,,,,,,,,,,,,,,,,,,,,,,
,,,,,,,,,,,,,,,,,,,,,,,,,
,,,,,,,,,,,,,,,,,,,,,,,,,
,,,,,,,,,,,,,,,,,,,,,,,,,
,,,,,,,,,,,,,,,,,,,,,,,,,
,,,,,,,,,,,,,,,,,,,,,,,,,
,,,,,,,,,,,,,,,,,,,,,,,,,
,,,,,,,,,,,,,,,,,,,,,,,,,
,,,,,,,,,,,,,,,,,,,,,,,,,
,,,,,,,,,,,,,,,,,,,,,,,,,
,,,,,,,,,,,,,,,,,,,,,,,,,
,,,,,,,,,,,,,,,,,,,,,,,,,
,,,,,,,,,,,,,,,,,,,,,,,,,
,,,,,,,,,,,,,,,,,,,,,,,,,
,,,,,,,,,,,,,,,,,,,,,,,,,
,,,,,,,,,,,,,,,,,,,,,,,,,
,,,,,,,,,,,,,,,,,,,,,,,,,
,,,,,,,,,,,,,,,,,,,,,,,,,
,,,,,,,,,,,,,,,,,,,,,,,,,
,,,,,,,,,,,,,,,,,,,,,,,,,
,,,,,,,,,,,,,,,,,,,,,,,,,
,,,,,,,,,,,,,,,,,,,,,,,,,
,,,,,,,,,,,,,,,,,,,,,,,,,
,,,,,,,,,,,,,,,,,,,,,,,,,
,,,,,,,,,,,,,,,,,,,,,,,,,
,,,,,,,,,,,,,,,,,,,,,,,,,
,,,,,,,,,,,,,,,,,,,,,,,,,
,,,,,,,,,,,,,,,,,,,,,,,,,
,,,,,,,,,,,,,,,,,,,,,,,,,
,,,,,,,,,,,,,,,,,,,,,,,,,
,,,,,,,,,,,,,,,,,,,,,,,,,
,,,,,,,,,,,,,,,,,,,,,,,,,
,,,,,,,,,,,,,,,,,,,,,,,,,
,,,,,,,,,,,,,,,,,,,,,,,,,
,,,,,,,,,,,,,,,,,,,,,,,,,
,,,,,,,,,,,,,,,,,,,,,,,,,
,,,,,,,,,,,,,,,,,,,,,,,,,
,,,,,,,,,,,,,,,,,,,,,,,,,
,,,,,,,,,,,,,,,,,,,,,,,,,
,,,,,,,,,,,,,,,,,,,,,,,,,
,,,,,,,,,,,,,,,,,,,,,,,,,
,,,,,,,,,,,,,,,,,,,,,,,,,
,,,,,,,,,,,,,,,,,,,,,,,,,
,,,,,,,,,,,,,,,,,,,,,,,,,
,,,,,,,,,,,,,,,,,,,,,,,,,
,,,,,,,,,,,,,,,,,,,,,,,,,
,,,,,,,,,,,,,,,,,,,,,,,,,
,,,,,,,,,,,,,,,,,,,,,,,,,
,,,,,,,,,,,,,,,,,,,,,,,,,
,,,,,,,,,,,,,,,,,,,,,,,,,
,,,,,,,,,,,,,,,,,,,,,,,,,
,,,,,,,,,,,,,,,,,,,,,,,,,
,,,,,,,,,,,,,,,,,,,,,,,,,
,,,,,,,,,,,,,,,,,,,,,,,,,
,,,,,,,,,,,,,,,,,,,,,,,,,
,,,,,,,,,,,,,,,,,,,,,,,,,
,,,,,,,,,,,,,,,,,,,,,,,,,
,,,,,,,,,,,,,,,,,,,,,,,,,
,,,,,,,,,,,,,,,,,,,,,,,,,
,,,,,,,,,,,,,,,,,,,,,,,,,
,,,,,,,,,,,,,,,,,,,,,,,,,
,,,,,,,,,,,,,,,,,,,,,,,,,
,,,,,,,,,,,,,,,,,,,,,,,,,
,,,,,,,,,,,,,,,,,,,,,,,,,
,,,,,,,,,,,,,,,,,,,,,,,,,
,,,,,,,,,,,,,,,,,,,,,,,,,
,,,,,,,,,,,,,,,,,,,,,,,,,
,,,,,,,,,,,,,,,,,,,,,,,,,
,,,,,,,,,,,,,,,,,,,,,,,,,
,,,,,,,,,,,,,,,,,,,,,,,,,
,,,,,,,,,,,,,,,,,,,,,,,,,
,,,,,,,,,,,,,,,,,,,,,,,,,
,,,,,,,,,,,,,,,,,,,,,,,,,
,,,,,,,,,,,,,,,,,,,,,,,,,
,,,,,,,,,,,,,,,,,,,,,,,,,
,,,,,,,,,,,,,,,,,,,,,,,,,
,,,,,,,,,,,,,,,,,,,,,,,,,
,,,,,,,,,,,,,,,,,,,,,,,,,
,,,,,,,,,,,,,,,,,,,,,,,,,
,,,,,,,,,,,,,,,,,,,,,,,,,
,,,,,,,,,,,,,,,,,,,,,,,,,
,,,,,,,,,,,,,,,,,,,,,,,,,
,,,,,,,,,,,,,,,,,,,,,,,,,
,,,,,,,,,,,,,,,,,,,,,,,,,
,,,,,,,,,,,,,,,,,,,,,,,,,
,,,,,,,,,,,,,,,,,,,,,,,,,
,,,,,,,,,,,,,,,,,,,,,,,,,
,,,,,,,,,,,,,,,,,,,,,,,,,
,,,,,,,,,,,,,,,,,,,,,,,,,
,,,,,,,,,,,,,,,,,,,,,,,,,
,,,,,,,,,,,,,,,,,,,,,,,,,
,,,,,,,,,,,,,,,,,,,,,,,,,
,,,,,,,,,,,,,,,,,,,,,,,,,
,,,,,,,,,,,,,,,,,,,,,,,,,
,,,,,,,,,,,,,,,,,,,,,,,,,
,,,,,,,,,,,,,,,,,,,,,,,,,
,,,,,,,,,,,,,,,,,,,,,,,,,
,,,,,,,,,,,,,,,,,,,,,,,,,
,,,,,,,,,,,,,,,,,,,,,,,,,
,,,,,,,,,,,,,,,,,,,,,,,,,
,,,,,,,,,,,,,,,,,,,,,,,,,
,,,,,,,,,,,,,,,,,,,,,,,,,
,,,,,,,,,,,,,,,,,,,,,,,,,
,,,,,,,,,,,,,,,,,,,,,,,,,
,,,,,,,,,,,,,,,,,,,,,,,,,
,,,,,,,,,,,,,,,,,,,,,,,,,
,,,,,,,,,,,,,,,,,,,,,,,,,
,,,,,,,,,,,,,,,,,,,,,,,,,
,,,,,,,,,,,,,,,,,,,,,,,,,
,,,,,,,,,,,,,,,,,,,,,,,,,
,,,,,,,,,,,,,,,,,,,,,,,,,
,,,,,,,,,,,,,,,,,,,,,,,,,
,,,,,,,,,,,,,,,,,,,,,,,,,
,,,,,,,,,,,,,,,,,,,,,,,,,
,,,,,,,,,,,,,,,,,,,,,,,,,
,,,,,,,,,,,,,,,,,,,,,,,,,
,,,,,,,,,,,,,,,,,,,,,,,,,
,,,,,,,,,,,,,,,,,,,,,,,,,
,,,,,,,,,,,,,,,,,,,,,,,,,
,,,,,,,,,,,,,,,,,,,,,,,,,
,,,,,,,,,,,,,,,,,,,,,,,,,
,,,,,,,,,,,,,,,,,,,,,,,,,
,,,,,,,,,,,,,,,,,,,,,,,,,
,,,,,,,,,,,,,,,,,,,,,,,,,
,,,,,,,,,,,,,,,,,,,,,,,,,
,,,,,,,,,,,,,,,,,,,,,,,,,
,,,,,,,,,,,,,,,,,,,,,,,,,
,,,,,,,,,,,,,,,,,,,,,,,,,
,,,,,,,,,,,,,,,,,,,,,,,,,
,,,,,,,,,,,,,,,,,,,,,,,,,
,,,,,,,,,,,,,,,,,,,,,,,,,
,,,,,,,,,,,,,,,,,,,,,,,,,
,,,,,,,,,,,,,,,,,,,,,,,,,
,,,,,,,,,,,,,,,,,,,,,,,,,
,,,,,,,,,,,,,,,,,,,,,,,,,
,,,,,,,,,,,,,,,,,,,,,,,,,
,,,,,,,,,,,,,,,,,,,,,,,,,
,,,,,,,,,,,,,,,,,,,,,,,,,
,,,,,,,,,,,,,,,,,,,,,,,,,
,,,,,,,,,,,,,,,,,,,,,,,,,
,,,,,,,,,,,,,,,,,,,,,,,,,
,,,,,,,,,,,,,,,,,,,,,,,,,
,,,,,,,,,,,,,,,,,,,,,,,,,
,,,,,,,,,,,,,,,,,,,,,,,,,
,,,,,,,,,,,,,,,,,,,,,,,,,
,,,,,,,,,,,,,,,,,,,,,,,,,
,,,,,,,,,,,,,,,,,,,,,,,,,
,,,,,,,,,,,,,,,,,,,,,,,,,
,,,,,,,,,,,,,,,,,,,,,,,,,
,,,,,,,,,,,,,,,,,,,,,,,,,
,,,,,,,,,,,,,,,,,,,,,,,,,
,,,,,,,,,,,,,,,,,,,,,,,,,
,,,,,,,,,,,,,,,,,,,,,,,,,
,,,,,,,,,,,,,,,,,,,,,,,,,
,,,,,,,,,,,,,,,,,,,,,,,,,
,,,,,,,,,,,,,,,,,,,,,,,,,
,,,,,,,,,,,,,,,,,,,,,,,,,
,,,,,,,,,,,,,,,,,,,,,,,,,
,,,,,,,,,,,,,,,,,,,,,,,,,
,,,,,,,,,,,,,,,,,,,,,,,,,
,,,,,,,,,,,,,,,,,,,,,,,,,
,,,,,,,,,,,,,,,,,,,,,,,,,
,,,,,,,,,,,,,,,,,,,,,,,,,
,,,,,,,,,,,,,,,,,,,,,,,,,
,,,,,,,,,,,,,,,,,,,,,,,,,
,,,,,,,,,,,,,,,,,,,,,,,,,
,,,,,,,,,,,,,,,,,,,,,,,,,
,,,,,,,,,,,,,,,,,,,,,,,,,
,,,,,,,,,,,,,,,,,,,,,,,,,
,,,,,,,,,,,,,,,,,,,,,,,,,
,,,,,,,,,,,,,,,,,,,,,,,,,
,,,,,,,,,,,,,,,,,,,,,,,,,
,,,,,,,,,,,,,,,,,,,,,,,,,
,,,,,,,,,,,,,,,,,,,,,,,,,
,,,,,,,,,,,,,,,,,,,,,,,,,
,,,,,,,,,,,,,,,,,,,,,,,,,
,,,,,,,,,,,,,,,,,,,,,,,,,
,,,,,,,,,,,,,,,,,,,,,,,,,
,,,,,,,,,,,,,,,,,,,,,,,,,
,,,,,,,,,,,,,,,,,,,,,,,,,
,,,,,,,,,,,,,,,,,,,,,,,,,
,,,,,,,,,,,,,,,,,,,,,,,,,
,,,,,,,,,,,,,,,,,,,,,,,,,
,,,,,,,,,,,,,,,,,,,,,,,,,
,,,,,,,,,,,,,,,,,,,,,,,,,
,,,,,,,,,,,,,,,,,,,,,,,,,
,,,,,,,,,,,,,,,,,,,,,,,,,
,,,,,,,,,,,,,,,,,,,,,,,,,
,,,,,,,,,,,,,,,,,,,,,,,,,
,,,,,,,,,,,,,,,,,,,,,,,,,
,,,,,,,,,,,,,,,,,,,,,,,,,
,,,,,,,,,,,,,,,,,,,,,,,,,
,,,,,,,,,,,,,,,,,,,,,,,,,
,,,,,,,,,,,,,,,,,,,,,,,,,
,,,,,,,,,,,,,,,,,,,,,,,,,
,,,,,,,,,,,,,,,,,,,,,,,,,
,,,,,,,,,,,,,,,,,,,,,,,,,
,,,,,,,,,,,,,,,,,,,,,,,,,
,,,,,,,,,,,,,,,,,,,,,,,,,
,,,,,,,,,,,,,,,,,,,,,,,,,
,,,,,,,,,,,,,,,,,,,,,,,,,
,,,,,,,,,,,,,,,,,,,,,,,,,
,,,,,,,,,,,,,,,,,,,,,,,,,
,,,,,,,,,,,,,,,,,,,,,,,,,
,,,,,,,,,,,,,,,,,,,,,,,,,
,,,,,,,,,,,,,,,,,,,,,,,,,
,,,,,,,,,,,,,,,,,,,,,,,,,
,,,,,,,,,,,,,,,,,,,,,,,,,
,,,,,,,,,,,,,,,,,,,,,,,,,
,,,,,,,,,,,,,,,,,,,,,,,,,
,,,,,,,,,,,,,,,,,,,,,,,,,
,,,,,,,,,,,,,,,,,,,,,,,,,
,,,,,,,,,,,,,,,,,,,,,,,,,
,,,,,,,,,,,,,,,,,,,,,,,,,
,,,,,,,,,,,,,,,,,,,,,,,,,
,,,,,,,,,,,,,,,,,,,,,,,,,
,,,,,,,,,,,,,,,,,,,,,,,,,
,,,,,,,,,,,,,,,,,,,,,,,,,
,,,,,,,,,,,,,,,,,,,,,,,,,
,,,,,,,,,,,,,,,,,,,,,,,,,
,,,,,,,,,,,,,,,,,,,,,,,,,
,,,,,,,,,,,,,,,,,,,,,,,,,
,,,,,,,,,,,,,,,,,,,,,,,,,
,,,,,,,,,,,,,,,,,,,,,,,,,
,,,,,,,,,,,,,,,,,,,,,,,,,
,,,,,,,,,,,,,,,,,,,,,,,,,
,,,,,,,,,,,,,,,,,,,,,,,,,
,,,,,,,,,,,,,,,,,,,,,,,,,
,,,,,,,,,,,,,,,,,,,,,,,,,
,,,,,,,,,,,,,,,,,,,,,,,,,
,,,,,,,,,,,,,,,,,,,,,,,,,
,,,,,,,,,,,,,,,,,,,,,,,,,
,,,,,,,,,,,,,,,,,,,,,,,,,
,,,,,,,,,,,,,,,,,,,,,,,,,
,,,,,,,,,,,,,,,,,,,,,,,,,
,,,,,,,,,,,,,,,,,,,,,,,,,
,,,,,,,,,,,,,,,,,,,,,,,,,
,,,,,,,,,,,,,,,,,,,,,,,,,
,,,,,,,,,,,,,,,,,,,,,,,,,
,,,,,,,,,,,,,,,,,,,,,,,,,
,,,,,,,,,,,,,,,,,,,,,,,,,
,,,,,,,,,,,,,,,,,,,,,,,,,
,,,,,,,,,,,,,,,,,,,,,,,,,
,,,,,,,,,,,,,,,,,,,,,,,,,
,,,,,,,,,,,,,,,,,,,,,,,,,
,,,,,,,,,,,,,,,,,,,,,,,,,
,,,,,,,,,,,,,,,,,,,,,,,,,
,,,,,,,,,,,,,,,,,,,,,,,,,
,,,,,,,,,,,,,,,,,,,,,,,,,
,,,,,,,,,,,,,,,,,,,,,,,,,
,,,,,,,,,,,,,,,,,,,,,,,,,
,,,,,,,,,,,,,,,,,,,,,,,,,
,,,,,,,,,,,,,,,,,,,,,,,,,
,,,,,,,,,,,,,,,,,,,,,,,,,
,,,,,,,,,,,,,,,,,,,,,,,,,
,,,,,,,,,,,,,,,,,,,,,,,,,
,,,,,,,,,,,,,,,,,,,,,,,,,
,,,,,,,,,,,,,,,,,,,,,,,,,
,,,,,,,,,,,,,,,,,,,,,,,,,
,,,,,,,,,,,,,,,,,,,,,,,,,
,,,,,,,,,,,,,,,,,,,,,,,,,
,,,,,,,,,,,,,,,,,,,,,,,,,
,,,,,,,,,,,,,,,,,,,,,,,,,
,,,,,,,,,,,,,,,,,,,,,,,,,
,,,,,,,,,,,,,,,,,,,,,,,,,
,,,,,,,,,,,,,,,,,,,,,,,,,
,,,,,,,,,,,,,,,,,,,,,,,,,
,,,,,,,,,,,,,,,,,,,,,,,,,
,,,,,,,,,,,,,,,,,,,,,,,,,
,,,,,,,,,,,,,,,,,,,,,,,,,
,,,,,,,,,,,,,,,,,,,,,,,,,
,,,,,,,,,,,,,,,,,,,,,,,,,
,,,,,,,,,,,,,,,,,,,,,,,,,
,,,,,,,,,,,,,,,,,,,,,,,,,
,,,,,,,,,,,,,,,,,,,,,,,,,
,,,,,,,,,,,,,,,,,,,,,,,,,
,,,,,,,,,,,,,,,,,,,,,,,,,
,,,,,,,,,,,,,,,,,,,,,,,,,
,,,,,,,,,,,,,,,,,,,,,,,,,
,,,,,,,,,,,,,,,,,,,,,,,,,
,,,,,,,,,,,,,,,,,,,,,,,,,
,,,,,,,,,,,,,,,,,,,,,,,,,
,,,,,,,,,,,,,,,,,,,,,,,,,
,,,,,,,,,,,,,,,,,,,,,,,,,
,,,,,,,,,,,,,,,,,,,,,,,,,
,,,,,,,,,,,,,,,,,,,,,,,,,
,,,,,,,,,,,,,,,,,,,,,,,,,
,,,,,,,,,,,,,,,,,,,,,,,,,
,,,,,,,,,,,,,,,,,,,,,,,,,
,,,,,,,,,,,,,,,,,,,,,,,,,
,,,,,,,,,,,,,,,,,,,,,,,,,
,,,,,,,,,,,,,,,,,,,,,,,,,
,,,,,,,,,,,,,,,,,,,,,,,,,
,,,,,,,,,,,,,,,,,,,,,,,,,
,,,,,,,,,,,,,,,,,,,,,,,,,
,,,,,,,,,,,,,,,,,,,,,,,,,
,,,,,,,,,,,,,,,,,,,,,,,,,
,,,,,,,,,,,,,,,,,,,,,,,,,
,,,,,,,,,,,,,,,,,,,,,,,,,
,,,,,,,,,,,,,,,,,,,,,,,,,
,,,,,,,,,,,,,,,,,,,,,,,,,
,,,,,,,,,,,,,,,,,,,,,,,,,
,,,,,,,,,,,,,,,,,,,,,,,,,
,,,,,,,,,,,,,,,,,,,,,,,,,
,,,,,,,,,,,,,,,,,,,,,,,,,
,,,,,,,,,,,,,,,,,,,,,,,,,
,,,,,,,,,,,,,,,,,,,,,,,,,
,,,,,,,,,,,,,,,,,,,,,,,,,
,,,,,,,,,,,,,,,,,,,,,,,,,
,,,,,,,,,,,,,,,,,,,,,,,,,
,,,,,,,,,,,,,,,,,,,,,,,,,
,,,,,,,,,,,,,,,,,,,,,,,,,
,,,,,,,,,,,,,,,,,,,,,,,,,
,,,,,,,,,,,,,,,,,,,,,,,,,
,,,,,,,,,,,,,,,,,,,,,,,,,
,,,,,,,,,,,,,,,,,,,,,,,,,
,,,,,,,,,,,,,,,,,,,,,,,,,
,,,,,,,,,,,,,,,,,,,,,,,,,
,,,,,,,,,,,,,,,,,,,,,,,,,
,,,,,,,,,,,,,,,,,,,,,,,,,
,,,,,,,,,,,,,,,,,,,,,,,,,
,,,,,,,,,,,,,,,,,,,,,,,,,
,,,,,,,,,,,,,,,,,,,,,,,,,
,,,,,,,,,,,,,,,,,,,,,,,,,
,,,,,,,,,,,,,,,,,,,,,,,,,
,,,,,,,,,,,,,,,,,,,,,,,,,
,,,,,,,,,,,,,,,,,,,,,,,,,
,,,,,,,,,,,,,,,,,,,,,,,,,
,,,,,,,,,,,,,,,,,,,,,,,,,
,,,,,,,,,,,,,,,,,,,,,,,,,
,,,,,,,,,,,,,,,,,,,,,,,,,
,,,,,,,,,,,,,,,,,,,,,,,,,
,,,,,,,,,,,,,,,,,,,,,,,,,
,,,,,,,,,,,,,,,,,,,,,,,,,
,,,,,,,,,,,,,,,,,,,,,,,,,
,,,,,,,,,,,,,,,,,,,,,,,,,
,,,,,,,,,,,,,,,,,,,,,,,,,
,,,,,,,,,,,,,,,,,,,,,,,,,
,,,,,,,,,,,,,,,,,,,,,,,,,
,,,,,,,,,,,,,,,,,,,,,,,,,
,,,,,,,,,,,,,,,,,,,,,,,,,
,,,,,,,,,,,,,,,,,,,,,,,,,
,,,,,,,,,,,,,,,,,,,,,,,,,
,,,,,,,,,,,,,,,,,,,,,,,,,
,,,,,,,,,,,,,,,,,,,,,,,,,
,,,,,,,,,,,,,,,,,,,,,,,,,
,,,,,,,,,,,,,,,,,,,,,,,,,
,,,,,,,,,,,,,,,,,,,,,,,,,
,,,,,,,,,,,,,,,,,,,,,,,,,
,,,,,,,,,,,,,,,,,,,,,,,,,
,,,,,,,,,,,,,,,,,,,,,,,,,
,,,,,,,,,,,,,,,,,,,,,,,,,
,,,,,,,,,,,,,,,,,,,,,,,,,
,,,,,,,,,,,,,,,,,,,,,,,,,
,,,,,,,,,,,,,,,,,,,,,,,,,
,,,,,,,,,,,,,,,,,,,,,,,,,
,,,,,,,,,,,,,,,,,,,,,,,,,
,,,,,,,,,,,,,,,,,,,,,,,,,
,,,,,,,,,,,,,,,,,,,,,,,,,
,,,,,,,,,,,,,,,,,,,,,,,,,
,,,,,,,,,,,,,,,,,,,,,,,,,
,,,,,,,,,,,,,,,,,,,,,,,,,
,,,,,,,,,,,,,,,,,,,,,,,,,
,,,,,,,,,,,,,,,,,,,,,,,,,
,,,,,,,,,,,,,,,,,,,,,,,,,
,,,,,,,,,,,,,,,,,,,,,,,,,
,,,,,,,,,,,,,,,,,,,,,,,,,
,,,,,,,,,,,,,,,,,,,,,,,,,
,,,,,,,,,,,,,,,,,,,,,,,,,
,,,,,,,,,,,,,,,,,,,,,,,,,
,,,,,,,,,,,,,,,,,,,,,,,,,
,,,,,,,,,,,,,,,,,,,,,,,,,
,,,,,,,,,,,,,,,,,,,,,,,,,
,,,,,,,,,,,,,,,,,,,,,,,,,
,,,,,,,,,,,,,,,,,,,,,,,,,
,,,,,,,,,,,,,,,,,,,,,,,,,
,,,,,,,,,,,,,,,,,,,,,,,,,
,,,,,,,,,,,,,,,,,,,,,,,,,
,,,,,,,,,,,,,,,,,,,,,,,,,
,,,,,,,,,,,,,,,,,,,,,,,,,
,,,,,,,,,,,,,,,,,,,,,,,,,
,,,,,,,,,,,,,,,,,,,,,,,,,
,,,,,,,,,,,,,,,,,,,,,,,,,
,,,,,,,,,,,,,,,,,,,,,,,,,
,,,,,,,,,,,,,,,,,,,,,,,,,
,,,,,,,,,,,,,,,,,,,,,,,,,
,,,,,,,,,,,,,,,,,,,,,,,,,
,,,,,,,,,,,,,,,,,,,,,,,,,
,,,,,,,,,,,,,,,,,,,,,,,,,
,,,,,,,,,,,,,,,,,,,,,,,,,
,,,,,,,,,,,,,,,,,,,,,,,,,
,,,,,,,,,,,,,,,,,,,,,,,,,
,,,,,,,,,,,,,,,,,,,,,,,,,
,,,,,,,,,,,,,,,,,,,,,,,,,
,,,,,,,,,,,,,,,,,,,,,,,,,
,,,,,,,,,,,,,,,,,,,,,,,,,
,,,,,,,,,,,,,,,,,,,,,,,,,
,,,,,,,,,,,,,,,,,,,,,,,,,
,,,,,,,,,,,,,,,,,,,,,,,,,
,,,,,,,,,,,,,,,,,,,,,,,,,
,,,,,,,,,,,,,,,,,,,,,,,,,
,,,,,,,,,,,,,,,,,,,,,,,,,
,,,,,,,,,,,,,,,,,,,,,,,,,
,,,,,,,,,,,,,,,,,,,,,,,,,
,,,,,,,,,,,,,,,,,,,,,,,,,
,,,,,,,,,,,,,,,,,,,,,,,,,
,,,,,,,,,,,,,,,,,,,,,,,,,
,,,,,,,,,,,,,,,,,,,,,,,,,
,,,,,,,,,,,,,,,,,,,,,,,,,
,,,,,,,,,,,,,,,,,,,,,,,,,
,,,,,,,,,,,,,,,,,,,,,,,,,
,,,,,,,,,,,,,,,,,,,,,,,,,
,,,,,,,,,,,,,,,,,,,,,,,,,
,,,,,,,,,,,,,,,,,,,,,,,,,
,,,,,,,,,,,,,,,,,,,,,,,,,
,,,,,,,,,,,,,,,,,,,,,,,,,
,,,,,,,,,,,,,,,,,,,,,,,,,
,,,,,,,,,,,,,,,,,,,,,,,,,
,,,,,,,,,,,,,,,,,,,,,,,,,
,,,,,,,,,,,,,,,,,,,,,,,,,
,,,,,,,,,,,,,,,,,,,,,,,,,
,,,,,,,,,,,,,,,,,,,,,,,,,
,,,,,,,,,,,,,,,,,,,,,,,,,
,,,,,,,,,,,,,,,,,,,,,,,,,
,,,,,,,,,,,,,,,,,,,,,,,,,
,,,,,,,,,,,,,,,,,,,,,,,,,
,,,,,,,,,,,,,,,,,,,,,,,,,
,,,,,,,,,,,,,,,,,,,,,,,,,
,,,,,,,,,,,,,,,,,,,,,,,,,
,,,,,,,,,,,,,,,,,,,,,,,,,
,,,,,,,,,,,,,,,,,,,,,,,,,
,,,,,,,,,,,,,,,,,,,,,,,,,
,,,,,,,,,,,,,,,,,,,,,,,,,
,,,,,,,,,,,,,,,,,,,,,,,,,
,,,,,,,,,,,,,,,,,,,,,,,,,
,,,,,,,,,,,,,,,,,,,,,,,,,
,,,,,,,,,,,,,,,,,,,,,,,,,
,,,,,,,,,,,,,,,,,,,,,,,,,
,,,,,,,,,,,,,,,,,,,,,,,,,
,,,,,,,,,,,,,,,,,,,,,,,,,
,,,,,,,,,,,,,,,,,,,,,,,,,
,,,,,,,,,,,,,,,,,,,,,,,,,
,,,,,,,,,,,,,,,,,,,,,,,,,
,,,,,,,,,,,,,,,,,,,,,,,,,
,,,,,,,,,,,,,,,,,,,,,,,,,
,,,,,,,,,,,,,,,,,,,,,,,,,
,,,,,,,,,,,,,,,,,,,,,,,,,
,,,,,,,,,,,,,,,,,,,,,,,,,
,,,,,,,,,,,,,,,,,,,,,,,,,
,,,,,,,,,,,,,,,,,,,,,,,,,
,,,,,,,,,,,,,,,,,,,,,,,,,
,,,,,,,,,,,,,,,,,,,,,,,,,
,,,,,,,,,,,,,,,,,,,,,,,,,
,,,,,,,,,,,,,,,,,,,,,,,,,
,,,,,,,,,,,,,,,,,,,,,,,,,
,,,,,,,,,,,,,,,,,,,,,,,,,
,,,,,,,,,,,,,,,,,,,,,,,,,
,,,,,,,,,,,,,,,,,,,,,,,,,
,,,,,,,,,,,,,,,,,,,,,,,,,
,,,,,,,,,,,,,,,,,,,,,,,,,
,,,,,,,,,,,,,,,,,,,,,,,,,
,,,,,,,,,,,,,,,,,,,,,,,,,
,,,,,,,,,,,,,,,,,,,,,,,,,
,,,,,,,,,,,,,,,,,,,,,,,,,
,,,,,,,,,,,,,,,,,,,,,,,,,
,,,,,,,,,,,,,,,,,,,,,,,,,
,,,,,,,,,,,,,,,,,,,,,,,,,
,,,,,,,,,,,,,,,,,,,,,,,,,
,,,,,,,,,,,,,,,,,,,,,,,,,
,,,,,,,,,,,,,,,,,,,,,,,,,
,,,,,,,,,,,,,,,,,,,,,,,,,
,,,,,,,,,,,,,,,,,,,,,,,,,
,,,,,,,,,,,,,,,,,,,,,,,,,
,,,,,,,,,,,,,,,,,,,,,,,,,
,,,,,,,,,,,,,,,,,,,,,,,,,
,,,,,,,,,,,,,,,,,,,,,,,,,
,,,,,,,,,,,,,,,,,,,,,,,,,
,,,,,,,,,,,,,,,,,,,,,,,,,
,,,,,,,,,,,,,,,,,,,,,,,,,
,,,,,,,,,,,,,,,,,,,,,,,,,
,,,,,,,,,,,,,,,,,,,,,,,,,
,,,,,,,,,,,,,,,,,,,,,,,,,
,,,,,,,,,,,,,,,,,,,,,,,,,
,,,,,,,,,,,,,,,,,,,,,,,,,
,,,,,,,,,,,,,,,,,,,,,,,,,
,,,,,,,,,,,,,,,,,,,,,,,,,
,,,,,,,,,,,,,,,,,,,,,,,,,
,,,,,,,,,,,,,,,,,,,,,,,,,
,,,,,,,,,,,,,,,,,,,,,,,,,
,,,,,,,,,,,,,,,,,,,,,,,,,
,,,,,,,,,,,,,,,,,,,,,,,,,
,,,,,,,,,,,,,,,,,,,,,,,,,
,,,,,,,,,,,,,,,,,,,,,,,,,
,,,,,,,,,,,,,,,,,,,,,,,,,
,,,,,,,,,,,,,,,,,,,,,,,,,
,,,,,,,,,,,,,,,,,,,,,,,,,
,,,,,,,,,,,,,,,,,,,,,,,,,
,,,,,,,,,,,,,,,,,,,,,,,,,
,,,,,,,,,,,,,,,,,,,,,,,,,
,,,,,,,,,,,,,,,,,,,,,,,,,
,,,,,,,,,,,,,,,,,,,,,,,,,
,,,,,,,,,,,,,,,,,,,,,,,,,
,,,,,,,,,,,,,,,,,,,,,,,,,
,,,,,,,,,,,,,,,,,,,,,,,,,
,,,,,,,,,,,,,,,,,,,,,,,,,
,,,,,,,,,,,,,,,,,,,,,,,,,
,,,,,,,,,,,,,,,,,,,,,,,,,
,,,,,,,,,,,,,,,,,,,,,,,,,
,,,,,,,,,,,,,,,,,,,,,,,,,
,,,,,,,,,,,,,,,,,,,,,,,,,
,,,,,,,,,,,,,,,,,,,,,,,,,
,,,,,,,,,,,,,,,,,,,,,,,,,
,,,,,,,,,,,,,,,,,,,,,,,,,
,,,,,,,,,,,,,,,,,,,,,,,,,
,,,,,,,,,,,,,,,,,,,,,,,,,
,,,,,,,,,,,,,,,,,,,,,,,,,
,,,,,,,,,,,,,,,,,,,,,,,,,
,,,,,,,,,,,,,,,,,,,,,,,,,
,,,,,,,,,,,,,,,,,,,,,,,,,
,,,,,,,,,,,,,,,,,,,,,,,,,
,,,,,,,,,,,,,,,,,,,,,,,,,
,,,,,,,,,,,,,,,,,,,,,,,,,
,,,,,,,,,,,,,,,,,,,,,,,,,
,,,,,,,,,,,,,,,,,,,,,,,,,
,,,,,,,,,,,,,,,,,,,,,,,,,
,,,,,,,,,,,,,,,,,,,,,,,,,
,,,,,,,,,,,,,,,,,,,,,,,,,
,,,,,,,,,,,,,,,,,,,,,,,,,
,,,,,,,,,,,,,,,,,,,,,,,,,
,,,,,,,,,,,,,,,,,,,,,,,,,
,,,,,,,,,,,,,,,,,,,,,,,,,
,,,,,,,,,,,,,,,,,,,,,,,,,
,,,,,,,,,,,,,,,,,,,,,,,,,
,,,,,,,,,,,,,,,,,,,,,,,,,
,,,,,,,,,,,,,,,,,,,,,,,,,
,,,,,,,,,,,,,,,,,,,,,,,,,
,,,,,,,,,,,,,,,,,,,,,,,,,
,,,,,,,,,,,,,,,,,,,,,,,,,
,,,,,,,,,,,,,,,,,,,,,,,,,
,,,,,,,,,,,,,,,,,,,,,,,,,
,,,,,,,,,,,,,,,,,,,,,,,,,
,,,,,,,,,,,,,,,,,,,,,,,,,
,,,,,,,,,,,,,,,,,,,,,,,,,
,,,,,,,,,,,,,,,,,,,,,,,,,
,,,,,,,,,,,,,,,,,,,,,,,,,
,,,,,,,,,,,,,,,,,,,,,,,,,
,,,,,,,,,,,,,,,,,,,,,,,,,
,,,,,,,,,,,,,,,,,,,,,,,,,
,,,,,,,,,,,,,,,,,,,,,,,,,
,,,,,,,,,,,,,,,,,,,,,,,,,
,,,,,,,,,,,,,,,,,,,,,,,,,
,,,,,,,,,,,,,,,,,,,,,,,,,
,,,,,,,,,,,,,,,,,,,,,,,,,
,,,,,,,,,,,,,,,,,,,,,,,,,
,,,,,,,,,,,,,,,,,,,,,,,,,
,,,,,,,,,,,,,,,,,,,,,,,,,
,,,,,,,,,,,,,,,,,,,,,,,,,
,,,,,,,,,,,,,,,,,,,,,,,,,
,,,,,,,,,,,,,,,,,,,,,,,,,
,,,,,,,,,,,,,,,,,,,,,,,,,
,,,,,,,,,,,,,,,,,,,,,,,,,
,,,,,,,,,,,,,,,,,,,,,,,,,
,,,,,,,,,,,,,,,,,,,,,,,,,
,,,,,,,,,,,,,,,,,,,,,,,,,
,,,,,,,,,,,,,,,,,,,,,,,,,
,,,,,,,,,,,,,,,,,,,,,,,,,
,,,,,,,,,,,,,,,,,,,,,,,,,
,,,,,,,,,,,,,,,,,,,,,,,,,
,,,,,,,,,,,,,,,,,,,,,,,,,
,,,,,,,,,,,,,,,,,,,,,,,,,
,,,,,,,,,,,,,,,,,,,,,,,,,
,,,,,,,,,,,,,,,,,,,,,,,,,
,,,,,,,,,,,,,,,,,,,,,,,,,
,,,,,,,,,,,,,,,,,,,,,,,,,
,,,,,,,,,,,,,,,,,,,,,,,,,
,,,,,,,,,,,,,,,,,,,,,,,,,
,,,,,,,,,,,,,,,,,,,,,,,,,
,,,,,,,,,,,,,,,,,,,,,,,,,
,,,,,,,,,,,,,,,,,,,,,,,,,
,,,,,,,,,,,,,,,,,,,,,,,,,
,,,,,,,,,,,,,,,,,,,,,,,,,
,,,,,,,,,,,,,,,,,,,,,,,,,
,,,,,,,,,,,,,,,,,,,,,,,,,
,,,,,,,,,,,,,,,,,,,,,,,,,
,,,,,,,,,,,,,,,,,,,,,,,,,
,,,,,,,,,,,,,,,,,,,,,,,,,
,,,,,,,,,,,,,,,,,,,,,,,,,
,,,,,,,,,,,,,,,,,,,,,,,,,
,,,,,,,,,,,,,,,,,,,,,,,,,
,,,,,,,,,,,,,,,,,,,,,,,,,
,,,,,,,,,,,,,,,,,,,,,,,,,
,,,,,,,,,,,,,,,,,,,,,,,,,
,,,,,,,,,,,,,,,,,,,,,,,,,
,,,,,,,,,,,,,,,,,,,,,,,,,
,,,,,,,,,,,,,,,,,,,,,,,,,
,,,,,,,,,,,,,,,,,,,,,,,,,
,,,,,,,,,,,,,,,,,,,,,,,,,
,,,,,,,,,,,,,,,,,,,,,,,,,
,,,,,,,,,,,,,,,,,,,,,,,,,
,,,,,,,,,,,,,,,,,,,,,,,,,
,,,,,,,,,,,,,,,,,,,,,,,,,
,,,,,,,,,,,,,,,,,,,,,,,,,
,,,,,,,,,,,,,,,,,,,,,,,,,
,,,,,,,,,,,,,,,,,,,,,,,,,
,,,,,,,,,,,,,,,,,,,,,,,,,
,,,,,,,,,,,,,,,,,,,,,,,,,
,,,,,,,,,,,,,,,,,,,,,,,,,
,,,,,,,,,,,,,,,,,,,,,,,,,
,,,,,,,,,,,,,,,,,,,,,,,,,
,,,,,,,,,,,,,,,,,,,,,,,,,
,,,,,,,,,,,,,,,,,,,,,,,,,
,,,,,,,,,,,,,,,,,,,,,,,,,
,,,,,,,,,,,,,,,,,,,,,,,,,
,,,,,,,,,,,,,,,,,,,,,,,,,
,,,,,,,,,,,,,,,,,,,,,,,,,
,,,,,,,,,,,,,,,,,,,,,,,,,
,,,,,,,,,,,,,,,,,,,,,,,,,
,,,,,,,,,,,,,,,,,,,,,,,,,
,,,,,,,,,,,,,,,,,,,,,,,,,
,,,,,,,,,,,,,,,,,,,,,,,,,
,,,,,,,,,,,,,,,,,,,,,,,,,
,,,,,,,,,,,,,,,,,,,,,,,,,
,,,,,,,,,,,,,,,,,,,,,,,,,
,,,,,,,,,,,,,,,,,,,,,,,,,
,,,,,,,,,,,,,,,,,,,,,,,,,
,,,,,,,,,,,,,,,,,,,,,,,,,
,,,,,,,,,,,,,,,,,,,,,,,,,
,,,,,,,,,,,,,,,,,,,,,,,,,
,,,,,,,,,,,,,,,,,,,,,,,,,
,,,,,,,,,,,,,,,,,,,,,,,,,
,,,,,,,,,,,,,,,,,,,,,,,,,
,,,,,,,,,,,,,,,,,,,,,,,,,
,,,,,,,,,,,,,,,,,,,,,,,,,
,,,,,,,,,,,,,,,,,,,,,,,,,
,,,,,,,,,,,,,,,,,,,,,,,,,
,,,,,,,,,,,,,,,,,,,,,,,,,
,,,,,,,,,,,,,,,,,,,,,,,,,
,,,,,,,,,,,,,,,,,,,,,,,,,
,,,,,,,,,,,,,,,,,,,,,,,,,
,,,,,,,,,,,,,,,,,,,,,,,,,
,,,,,,,,,,,,,,,,,,,,,,,,,
,,,,,,,,,,,,,,,,,,,,,,,,,
,,,,,,,,,,,,,,,,,,,,,,,,,
,,,,,,,,,,,,,,,,,,,,,,,,,
,,,,,,,,,,,,,,,,,,,,,,,,,
,,,,,,,,,,,,,,,,,,,,,,,,,
,,,,,,,,,,,,,,,,,,,,,,,,,
,,,,,,,,,,,,,,,,,,,,,,,,,
,,,,,,,,,,,,,,,,,,,,,,,,,
,,,,,,,,,,,,,,,,,,,,,,,,,
,,,,,,,,,,,,,,,,,,,,,,,,,
,,,,,,,,,,,,,,,,,,,,,,,,,
,,,,,,,,,,,,,,,,,,,,,,,,,
,,,,,,,,,,,,,,,,,,,,,,,,,
,,,,,,,,,,,,,,,,,,,,,,,,,
,,,,,,,,,,,,,,,,,,,,,,,,,
,,,,,,,,,,,,,,,,,,,,,,,,,
,,,,,,,,,,,,,,,,,,,,,,,,,
,,,,,,,,,,,,,,,,,,,,,,,,,
,,,,,,,,,,,,,,,,,,,,,,,,,
,,,,,,,,,,,,,,,,,,,,,,,,,
,,,,,,,,,,,,,,,,,,,,,,,,,
,,,,,,,,,,,,,,,,,,,,,,,,,
,,,,,,,,,,,,,,,,,,,,,,,,,
,,,,,,,,,,,,,,,,,,,,,,,,,
,,,,,,,,,,,,,,,,,,,,,,,,,
,,,,,,,,,,,,,,,,,,,,,,,,,
,,,,,,,,,,,,,,,,,,,,,,,,,
,,,,,,,,,,,,,,,,,,,,,,,,,
,,,,,,,,,,,,,,,,,,,,,,,,,
,,,,,,,,,,,,,,,,,,,,,,,,,
,,,,,,,,,,,,,,,,,,,,,,,,,
,,,,,,,,,,,,,,,,,,,,,,,,,
,,,,,,,,,,,,,,,,,,,,,,,,,
,,,,,,,,,,,,,,,,,,,,,,,,,
,,,,,,,,,,,,,,,,,,,,,,,,,
,,,,,,,,,,,,,,,,,,,,,,,,,
,,,,,,,,,,,,,,,,,,,,,,,,,
,,,,,,,,,,,,,,,,,,,,,,,,,
,,,,,,,,,,,,,,,,,,,,,,,,,
,,,,,,,,,,,,,,,,,,,,,,,,,
,,,,,,,,,,,,,,,,,,,,,,,,,
,,,,,,,,,,,,,,,,,,,,,,,,,
,,,,,,,,,,,,,,,,,,,,,,,,,
,,,,,,,,,,,,,,,,,,,,,,,,,
,,,,,,,,,,,,,,,,,,,,,,,,,
,,,,,,,,,,,,,,,,,,,,,,,,,
,,,,,,,,,,,,,,,,,,,,,,,,,
,,,,,,,,,,,,,,,,,,,,,,,,,
,,,,,,,,,,,,,,,,,,,,,,,,,
,,,,,,,,,,,,,,,,,,,,,,,,,
,,,,,,,,,,,,,,,,,,,,,,,,,
,,,,,,,,,,,,,,,,,,,,,,,,,
,,,,,,,,,,,,,,,,,,,,,,,,,
,,,,,,,,,,,,,,,,,,,,,,,,,
,,,,,,,,,,,,,,,,,,,,,,,,,
,,,,,,,,,,,,,,,,,,,,,,,,,
,,,,,,,,,,,,,,,,,,,,,,,,,
,,,,,,,,,,,,,,,,,,,,,,,,,
,,,,,,,,,,,,,,,,,,,,,,,,,
,,,,,,,,,,,,,,,,,,,,,,,,,
,,,,,,,,,,,,,,,,,,,,,,,,,
,,,,,,,,,,,,,,,,,,,,,,,,,
,,,,,,,,,,,,,,,,,,,,,,,,,
,,,,,,,,,,,,,,,,,,,,,,,,,
,,,,,,,,,,,,,,,,,,,,,,,,,
,,,,,,,,,,,,,,,,,,,,,,,,,
,,,,,,,,,,,,,,,,,,,,,,,,,
,,,,,,,,,,,,,,,,,,,,,,,,,
,,,,,,,,,,,,,,,,,,,,,,,,,
,,,,,,,,,,,,,,,,,,,,,,,,,
,,,,,,,,,,,,,,,,,,,,,,,,,
,,,,,,,,,,,,,,,,,,,,,,,,,
,,,,,,,,,,,,,,,,,,,,,,,,,
,,,,,,,,,,,,,,,,,,,,,,,,,
,,,,,,,,,,,,,,,,,,,,,,,,,
,,,,,,,,,,,,,,,,,,,,,,,,,
,,,,,,,,,,,,,,,,,,,,,,,,,
,,,,,,,,,,,,,,,,,,,,,,,,,
,,,,,,,,,,,,,,,,,,,,,,,,,
